RequisitionNumber,RequisitionDescription,RequisitionTitle,JobInfoLongDescription,Category,HasBeenApproved,TargetStartDate,RequisitionState,Status,StatusDetails,PROJECTCODE,PROJECTAUTHORIZER,PROJECTAUTHORIZEREMAIL,PROJECTAUTHORIZEREMPLYEEID,PROJECTMANAGER,PROJECTMANAGEREMAIL,PROJECTMANAGEREMPLYEEID,DescriptionExternalHTML,DescriptionInternalHTML,COMPLETION_DATE,HiringManagerFirstName,HiringManagerLastName,HiringManagerID,HiringManagerEmail,RecruiterFirstName,RecruiterLastName,RecruiterEmail,RecruiterID,Justification,Organization,Sector,Division,Department,Location,ClosingDateExternal,ClosingDateInternal,OpeningDateExternal,OpeningDateInternal
23517,Open Rank Faculty.1012194,Open Rank Faculty.1012194,,Professional,TRUE,,Sourcing,Open,Posted,1012194,,,,,,,"<p class=""MsoNormal"" style=""text-align: justify;""><span lang=""EN-CA"" style=""font-size: 13.5pt; font-family: 'Arial',sans-serif; mso-fareast-font-family: 'Times New Roman'; color: black;"">Khalifa University is a leading academic institution dedicated to providing world-class education, research, and innovation. The Department of Computer Science within the College of Computing and Mathematical Sciences at Khalifa University covers a wide array of fields including information systems, computer and information security, software engineering, Internet of Things, embedded systems, computer vision, artificial intelligence, among others. The department provides Bachelor of Science degrees in Computer Science and M.Sc. in Computer Science and Ph.D. in ECE. <o:p></o:p></span></p>
<p class=""MsoNormal"" style=""text-align: justify;""><span lang=""EN-CA"" style=""font-size: 13.5pt; font-family: 'Arial',sans-serif; mso-fareast-font-family: 'Times New Roman'; color: black;""><o:p>&nbsp;</o:p></span></p>
<p class=""MsoNormal"" style=""text-align: justify;""><span lang=""EN-CA"" style=""font-size: 13.5pt; font-family: 'Arial',sans-serif; mso-fareast-font-family: 'Times New Roman'; color: black;"">The department invites applications for two positions from highly motivated and experienced candidates to join our team as Lecturers in Computer Science. The successful candidates will help deliver undergraduate courses for our Bachelor of Science degree in Computer Science.<o:p></o:p></span></p>","<p class=""MsoNormal"" style=""text-align: justify;""><span lang=""EN-CA"" style=""font-size: 13.5pt; font-family: 'Arial',sans-serif; mso-fareast-font-family: 'Times New Roman'; color: black;"">Khalifa University is a leading academic institution dedicated to providing world-class education, research, and innovation. The Department of Computer Science within the College of Computing and Mathematical Sciences at Khalifa University covers a wide array of fields including information systems, computer and information security, software engineering, Internet of Things, embedded systems, computer vision, artificial intelligence, among others. The department provides Bachelor of Science degrees in Computer Science and M.Sc. in Computer Science and Ph.D. in ECE. <o:p></o:p></span></p>
<p class=""MsoNormal"" style=""text-align: justify;""><span lang=""EN-CA"" style=""font-size: 13.5pt; font-family: 'Arial',sans-serif; mso-fareast-font-family: 'Times New Roman'; color: black;""><o:p>&nbsp;</o:p></span></p>
<p class=""MsoNormal"" style=""text-align: justify;""><span lang=""EN-CA"" style=""font-size: 13.5pt; font-family: 'Arial',sans-serif; mso-fareast-font-family: 'Times New Roman'; color: black;"">The department invites applications for two positions from highly motivated and experienced candidates to join our team as Lecturers in Computer Science. The successful candidates will help deliver undergraduate courses for our Bachelor of Science degree in Computer Science.<o:p></o:p></span></p>",,Hadi,Otrok,KU206,hadi.otrok@ku.ac.ae,Gayathry,Rajendran,gayathry.rajendran@ku.ac.ae,KU174,New Position,KU - Khalifa University,President Office,Academic Sector,College of Computing and Mathematical Sciences,Abu Dhabi UAE,,,,
15654,Open Rank Faculty.1011121 - Mathematics,Open Rank Faculty.1011121 - Mathematics,,Professional,TRUE,,Filled,Filled,Unposted,1011121,,,,,,,"<p style=""font-family: Arial"">Department of Mathematics<br />
About the University<br />
In 2017, UAE President and Ruler of Abu Dhabi, His Highness Sheikh Khalifa bin Zayed Al Nahyan, issued a decree to merge the Khalifa University of Science, Technology and Research, the Masdar Institute of Science and Technology, and The Petroleum Institute under one university called the Khalifa University of Science and Technology (Khalifa University).<br />
Khalifa University is now a comprehensive research-intensive university with three colleges, three research institutes, 20 research centers, and 36 departments covering a broad range of disciplines in science, engineering, and medicine. The internationally top-ranked university is the one university in the UAE with the research and academic programs that address the entire range of strategic, scientific and industrial challenges facing the UAE&rsquo;s knowledge economy transformation and our rapidly evolving world.<br />
Khalifa University&rsquo;s world-class faculty and state-of-the-art research facilities provide an unparalleled learning experience to students from the UAE and around the world. The university brings together the best in science, engineering and medicine in the UAE, to offer specialized degrees that can take promising high school graduates all the way to top-rated doctorate degree holders.<br />
It will continue to evolve with the UAE&rsquo;s rapidly developing national goals and needs and nurture the innovation ecosystem required for the country&rsquo;s targeted knowledge economy transformation.<br />
&nbsp;<br />
College of Arts and Sciences<br />
The College is distinguishing itself as a major contributor towards economic diversification within Abu Dhabi and the region, particularly through its close alignment with growing regional sectors in key industries such as Energy, Aerospace, Financial Services, Healthcare, Transportation and Telecommunications.&nbsp;<br />
The College of Arts and Sciences is a vibrant community of academic scholars, students and staff who are dedicated to science education and innovation for the ultimate benefit of society. To serve this purpose, the College empowers students with a great sense of purposeful academic curiosity and appreciation of the social and environmental context within a rapidly changing world.<br />
About the Department<br />
The Mathematics Department hosts a vibrant community of scholars who actively engage in research and development within rapidly emerging scientific fields. Research in the Mathematics Department is funded by local and international agencies. The department is actively working on setting up and developing modern experimental and computing research facilities.<br />
The department offers a BSc in Applied Mathematics and Statistics with two optional concentrations in Financial Mathematics and Mathematical Biology. Students may choose to complete a broad program of study leading to the award of the BSc degree in Applied Mathematics and Statistics, or select one of the two concentrations in order to focus their final year in the program on a particular area of application.<br />
Mathematics Department faculty are members of prestigious worldwide professional organizations such as ACS, AMS, APS, IEEE, MRS, SIAM, AAPT and others, and several are winners of prestigious peer-reviewed research awards. The department is committed to disseminating mathematical knowledge through innovative teaching, excellence in research and friendly learning environment.</p>

<p style=""font-family: Arial"">This is an open-rank position at the professorial (Assistant, Associate, or full Professor level). Candidates must have a doctoral degree in mathematical-sciences related field.<br />
The successful candidate will have strong research potential, demonstrated by relevant publications in high-impact journals, as well as college-level teaching experience in their area of expertise.<br />
Preference will be given to candidates with education from and/or previous service in preeminent institutions of higher education.<br />
Job Requirements</p>

<p style=""font-family: Arial"">A Ph.D. or equivalent doctorate in a Mathematics related discipline from an accredited institution is required. &nbsp;<br />
Assistant Professor - Minimum of 3 years&rsquo; experience relevant to the position and proven research potential.<br />
Associate Professor -Minimum of 8 years teaching experience or postgraduate research experience, out of which at least 5 years should be at the level of Assistant Professor.<br />
Professor -Minimum of 10 years teaching and postgraduate research experience, out of which at least 5 years should be at the level of Associate Professor and have demonstrated high standards in teaching, advising, and research.</p>

<p style=""font-family: Arial"">Preference will be given to candidates with education from and/or previous service in pre-eminent institutions of higher education. &nbsp;</p>

<p style=""font-family: Arial"">The successful candidate is expected to teach at the undergraduate and graduate levels, establish and maintain an active research program that leads to peer-reviewed publications in high-impact professional journals, and provide service to the department, the university, and the profession.<br />
&nbsp;Applicant should indicate which positions they are applying in their covering letter. Successful applicants should be available to take up the posts in August 2022. The deadline for applications is March 15, 2022. Only shortlisted applicants will be notified. A complete application includes curriculum vitae, teaching and research statement, cover letter, photo and the names and contact information of three references. &nbsp;<br />
Employee Benefits<br />
Khalifa University offers an attractive compensation and benefits package, commensurate with the successful candidate&rsquo;s background and experience. Components of the compensation package include:<br />
-&nbsp;&nbsp; &nbsp;Base Wage<br />
-&nbsp;&nbsp; &nbsp;Cost of Living<br />
-&nbsp;&nbsp; &nbsp;Educational Assistance<br />
-&nbsp;&nbsp; &nbsp;Medical Plan<br />
-&nbsp;&nbsp; &nbsp;Travel Allowance<br />
-&nbsp;&nbsp; &nbsp;Relocation Allowance<br />
-&nbsp;&nbsp; &nbsp;Housing Loan<br />
Great Working Environment<br />
Faculty members at Khalifa University enjoy a unique opportunity to contribute to Abu Dhabi&rsquo;s ambitious 2030 vision to transition to a knowledge-based economy. Innovation is at the heart of what Khalifa University provides, and faculty members enjoy ample opportunity to produce research and seek relevant funding opportunities. &nbsp;With a strong commitment to research and teaching facilities, the University is an integral part of the UAE&rsquo;s national ambition to advance science and technology throughout the UAE and the region at large.<br />
Faculty members also benefit from a multicultural environment where faculty and staff come from over 40 countries. &nbsp;Additionally, Khalifa University has active partnerships across government agencies, corporations, non-governmental organizations and other universities across the United States, Europe, Asia and the Middle East.<br />
&nbsp;</p>
","<p style=""font-family: Arial"">Department of Mathematics<br />
About the University<br />
In 2017, UAE President and Ruler of Abu Dhabi, His Highness Sheikh Khalifa bin Zayed Al Nahyan, issued a decree to merge the Khalifa University of Science, Technology and Research, the Masdar Institute of Science and Technology, and The Petroleum Institute under one university called the Khalifa University of Science and Technology (Khalifa University).<br />
Khalifa University is now a comprehensive research-intensive university with three colleges, three research institutes, 20 research centers, and 36 departments covering a broad range of disciplines in science, engineering, and medicine. The internationally top-ranked university is the one university in the UAE with the research and academic programs that address the entire range of strategic, scientific and industrial challenges facing the UAE&rsquo;s knowledge economy transformation and our rapidly evolving world.<br />
Khalifa University&rsquo;s world-class faculty and state-of-the-art research facilities provide an unparalleled learning experience to students from the UAE and around the world. The university brings together the best in science, engineering and medicine in the UAE, to offer specialized degrees that can take promising high school graduates all the way to top-rated doctorate degree holders.<br />
It will continue to evolve with the UAE&rsquo;s rapidly developing national goals and needs and nurture the innovation ecosystem required for the country&rsquo;s targeted knowledge economy transformation.<br />
&nbsp;<br />
College of Arts and Sciences<br />
The College is distinguishing itself as a major contributor towards economic diversification within Abu Dhabi and the region, particularly through its close alignment with growing regional sectors in key industries such as Energy, Aerospace, Financial Services, Healthcare, Transportation and Telecommunications.&nbsp;<br />
The College of Arts and Sciences is a vibrant community of academic scholars, students and staff who are dedicated to science education and innovation for the ultimate benefit of society. To serve this purpose, the College empowers students with a great sense of purposeful academic curiosity and appreciation of the social and environmental context within a rapidly changing world.<br />
About the Department<br />
The Mathematics Department hosts a vibrant community of scholars who actively engage in research and development within rapidly emerging scientific fields. Research in the Mathematics Department is funded by local and international agencies. The department is actively working on setting up and developing modern experimental and computing research facilities.<br />
The department offers a BSc in Applied Mathematics and Statistics with two optional concentrations in Financial Mathematics and Mathematical Biology. Students may choose to complete a broad program of study leading to the award of the BSc degree in Applied Mathematics and Statistics, or select one of the two concentrations in order to focus their final year in the program on a particular area of application.<br />
Mathematics Department faculty are members of prestigious worldwide professional organizations such as ACS, AMS, APS, IEEE, MRS, SIAM, AAPT and others, and several are winners of prestigious peer-reviewed research awards. The department is committed to disseminating mathematical knowledge through innovative teaching, excellence in research and friendly learning environment.</p>

<p style=""font-family: Arial"">This is an open-rank position at the professorial (Assistant, Associate, or full Professor level). Candidates must have a doctoral degree in mathematical-sciences related field.<br />
The successful candidate will have strong research potential, demonstrated by relevant publications in high-impact journals, as well as college-level teaching experience in their area of expertise.<br />
Preference will be given to candidates with education from and/or previous service in preeminent institutions of higher education.<br />
Job Requirements</p>

<p style=""font-family: Arial"">A Ph.D. or equivalent doctorate in a Mathematics related discipline from an accredited institution is required. &nbsp;<br />
Assistant Professor - Minimum of 3 years&rsquo; experience relevant to the position and proven research potential.<br />
Associate Professor -Minimum of 8 years teaching experience or postgraduate research experience, out of which at least 5 years should be at the level of Assistant Professor.<br />
Professor -Minimum of 10 years teaching and postgraduate research experience, out of which at least 5 years should be at the level of Associate Professor and have demonstrated high standards in teaching, advising, and research.</p>

<p style=""font-family: Arial"">Preference will be given to candidates with education from and/or previous service in pre-eminent institutions of higher education. &nbsp;</p>

<p style=""font-family: Arial"">The successful candidate is expected to teach at the undergraduate and graduate levels, establish and maintain an active research program that leads to peer-reviewed publications in high-impact professional journals, and provide service to the department, the university, and the profession.<br />
&nbsp;Applicant should indicate which positions they are applying in their covering letter. Successful applicants should be available to take up the posts in August 2022. The deadline for applications is March 15, 2022. Only shortlisted applicants will be notified. A complete application includes curriculum vitae, teaching and research statement, cover letter, photo and the names and contact information of three references. &nbsp;<br />
Employee Benefits<br />
Khalifa University offers an attractive compensation and benefits package, commensurate with the successful candidate&rsquo;s background and experience. Components of the compensation package include:<br />
-&nbsp;&nbsp; &nbsp;Base Wage<br />
-&nbsp;&nbsp; &nbsp;Cost of Living<br />
-&nbsp;&nbsp; &nbsp;Educational Assistance<br />
-&nbsp;&nbsp; &nbsp;Medical Plan<br />
-&nbsp;&nbsp; &nbsp;Travel Allowance<br />
-&nbsp;&nbsp; &nbsp;Relocation Allowance<br />
-&nbsp;&nbsp; &nbsp;Housing Loan<br />
Great Working Environment<br />
Faculty members at Khalifa University enjoy a unique opportunity to contribute to Abu Dhabi&rsquo;s ambitious 2030 vision to transition to a knowledge-based economy. Innovation is at the heart of what Khalifa University provides, and faculty members enjoy ample opportunity to produce research and seek relevant funding opportunities. &nbsp;With a strong commitment to research and teaching facilities, the University is an integral part of the UAE&rsquo;s national ambition to advance science and technology throughout the UAE and the region at large.<br />
Faculty members also benefit from a multicultural environment where faculty and staff come from over 40 countries. &nbsp;Additionally, Khalifa University has active partnerships across government agencies, corporations, non-governmental organizations and other universities across the United States, Europe, Asia and the Middle East.</p>
",2022-06-30T00:00:00,Jorge,Passamani Zubelli,KU731,jorge.zubelli@ku.ac.ae,Gayathry,Rajendran,gayathry.rajendran@ku.ac.ae,KU174,New Position,KU - Khalifa University,President Office,Academic Sector,College of Science,Abu Dhabi UAE,,,,
23516,Open Rank Faculty.1012194,Open Rank Faculty.1012194,,Professional,TRUE,,Sourcing,Open,Posted,1012194,,,,,,,"<p class=""MsoNormal"" style=""text-align: justify;""><span lang=""EN-CA"" style=""font-size: 13.5pt; font-family: 'Arial',sans-serif; mso-fareast-font-family: 'Times New Roman'; color: black;"">Khalifa University is a leading academic institution dedicated to providing world-class education, research, and innovation. The Department of Computer Science within the College of Computing and Mathematical Sciences at Khalifa University covers a wide array of fields including information systems, computer and information security, software engineering, Internet of Things, embedded systems, computer vision, artificial intelligence, among others. The faculty members conduct cutting-edge research on a wide range of topics within these fields. The department provides Bachelor of Science degree in Computer Science, M.Sc. in Computer Science, and Ph.D. in ECE.<o:p></o:p></span></p>
<p class=""MsoNormal"" style=""text-align: justify;""><span lang=""EN-CA"" style=""font-size: 13.5pt; font-family: 'Arial',sans-serif; mso-fareast-font-family: 'Times New Roman'; color: black;""><o:p>&nbsp;</o:p></span></p>
<p class=""MsoNormal"" style=""text-align: justify;""><span lang=""EN-CA"" style=""font-size: 13.5pt; font-family: 'Arial',sans-serif; mso-fareast-font-family: 'Times New Roman'; color: black;"">The department invites applications for two positions in the area of Artificial Intelligence at the rank of Assistant Professor. Research and teaching interests may include but are not limited to machine learning, reinforcement learning, multi-agent systems, natural language processing, and security and software engineering as it relates to Artificial Intelligence. Candidates with quantum computing background are also welcome to apply.&nbsp;<o:p></o:p></span></p>","<p class=""MsoNormal"" style=""text-align: justify;""><span lang=""EN-CA"" style=""font-size: 13.5pt; font-family: 'Arial',sans-serif; mso-fareast-font-family: 'Times New Roman'; color: black;"">Khalifa University is a leading academic institution dedicated to providing world-class education, research, and innovation. The Department of Computer Science within the College of Computing and Mathematical Sciences at Khalifa University covers a wide array of fields including information systems, computer and information security, software engineering, Internet of Things, embedded systems, computer vision, artificial intelligence, among others. The faculty members conduct cutting-edge research on a wide range of topics within these fields. The department provides Bachelor of Science degree in Computer Science, M.Sc. in Computer Science, and Ph.D. in ECE.<o:p></o:p></span></p>
<p class=""MsoNormal"" style=""text-align: justify;""><span lang=""EN-CA"" style=""font-size: 13.5pt; font-family: 'Arial',sans-serif; mso-fareast-font-family: 'Times New Roman'; color: black;""><o:p>&nbsp;</o:p></span></p>
<p class=""MsoNormal"" style=""text-align: justify;""><span lang=""EN-CA"" style=""font-size: 13.5pt; font-family: 'Arial',sans-serif; mso-fareast-font-family: 'Times New Roman'; color: black;"">The department invites applications for two positions in the area of Artificial Intelligence at the rank of Assistant Professor, but exceptional candidates at the Associate Professor level and Full Professor level may also be considered. Research and teaching interests may include but are not limited to machine learning, reinforcement learning, multi-agent systems, natural language processing, and security and software engineering as it relates to Artificial Intelligence. Candidates with quantum computing background are also welcome to apply. <o:p></o:p></span></p>",,Hadi,Otrok,KU206,hadi.otrok@ku.ac.ae,Gayathry,Rajendran,gayathry.rajendran@ku.ac.ae,KU174,New Position,KU - Khalifa University,President Office,Academic Sector,College of Computing and Mathematical Sciences,Abu Dhabi UAE,,,,
23616,Open Rank Faculty.1012195,Open Rank Faculty.1012195,,Professional,TRUE,,Sourcing,Open,Posted,1012195,,,,,,,"<div align=""center"" style=""caret-color: rgb(0, 0, 0); color: rgb(0, 0, 0); font-style: normal; font-variant-caps: normal; font-weight: 400; letter-spacing: normal; orphans: auto; text-indent: 0px; text-transform: none; white-space: normal; widows: auto; word-spacing: 0px; -webkit-text-stroke-width: 0px; text-decoration: none;"">
<div align=""center"" style=""caret-color: rgb(0, 0, 0); color: rgb(0, 0, 0); font-style: normal; font-variant-caps: normal; font-weight: 400; letter-spacing: normal; orphans: auto; text-indent: 0px; text-transform: none; white-space: normal; widows: auto; word-spacing: 0px; -webkit-text-stroke-width: 0px; text-decoration: none;"">
<table class=""MsoNormalTable"" border=""1"" cellspacing=""0"" cellpadding=""0"" width=""615"" style=""width: 461.1pt; border-collapse: collapse; border: medium;"">
<tbody>
<tr style=""height: 17pt;"">
<td width=""615"" style=""width: 461.1pt; border: 1pt solid rgb(127, 127, 127); background: black; padding: 0cm 5.4pt; height: 17pt;"">
<p class=""MsoNormal"" style=""margin: 0cm; font-size: 11pt; font-family: 'Times New Roman', serif;""><b><span lang=""EN-US"" style=""font-size: 14pt; font-family: Calibri, sans-serif; color: white;"">About Khalifa University<o:p></o:p></span></b></p>
</td>
</tr>
<tr style=""height: 64.75pt;"">
<td width=""615"" style=""width: 461.1pt; border-width: medium 1pt 1pt; border-style: none solid solid; border-color: currentcolor rgb(127, 127, 127) rgb(127, 127, 127); background: white; padding: 0cm 5.4pt; height: 64.75pt;"">
<p class=""MsoNormal"" style=""margin: 0cm; font-size: 11pt; font-family: 'Times New Roman', serif;""><span lang=""EN-US"" style=""font-family: 'Calibri Light', sans-serif; color: black;"">Khalifa University is ranked 181<sup>st</sup> in the QS World University Rankings 2023, and the top University in the UAE, with a range of research and academic programs designed to address the entire range of strategic, scientific and industrial challenges facing our rapidly evolving world.</span><span lang=""EN-US"" style=""font-family: 'Calibri Light', sans-serif;""><o:p></o:p></span></p>
<p class=""MsoNormal"" style=""margin: 0cm; font-size: 11pt; font-family: 'Times New Roman', serif;""><span lang=""EN-US"" style=""font-family: 'Calibri Light', sans-serif;""><o:p>&nbsp;</o:p></span></p>
<p class=""MsoNormal"" style=""margin: 0cm; font-size: 11pt; font-family: 'Times New Roman', serif; text-align: justify;""><span lang=""EN-US"" style=""font-family: 'Calibri Light', sans-serif; color: black;"">Its world-class faculty and state-of-the-art research facilities provide an unparalleled learning experience to students from the UAE and around the world. Our research and academic activities cover a broad range of disciplines in engineering, science and medicine through our three colleges.</span><span lang=""EN-US"" style=""font-family: 'Calibri Light', sans-serif;""><o:p></o:p></span></p>
<p class=""MsoNormal"" style=""margin: 0cm; font-size: 11pt; font-family: 'Times New Roman', serif; text-align: justify;""><span lang=""EN-US"" style=""font-family: 'Calibri Light', sans-serif;""><o:p>&nbsp;</o:p></span></p>
<p class=""MsoNormal"" style=""margin: 0cm; font-size: 11pt; font-family: 'Times New Roman', serif;""><span lang=""EN-US"" style=""font-family: 'Calibri Light', sans-serif; color: black;"">Khalifa University&rsquo;s research relates to key focus sectors of relevance to the UAE&rsquo;s strategic economic growth and the technology platforms that serve as foundations for these sectors. The University&rsquo;s research priorities are addressed in two categories &mdash; &ldquo;verticals&rdquo; and &ldquo;horizontals&rdquo; &mdash; which jointly cover specific industry and sector needs, technical platforms and expertise.</span><span lang=""EN-US"" style=""font-family: 'Calibri Light', sans-serif;""><o:p></o:p></span></p>
<p class=""MsoNormal"" style=""margin: 0cm; font-size: 11pt; font-family: 'Times New Roman', serif;""><span lang=""EN-US"" style=""font-family: 'Calibri Light', sans-serif;""><o:p>&nbsp;</o:p></span></p>
<p class=""MsoNormal"" style=""margin: 0cm; font-size: 11pt; font-family: 'Times New Roman', serif;""><span lang=""EN-US"" style=""font-family: 'Calibri Light', sans-serif; color: black;"">KU&rsquo;s focus sectors are Clean and Renewable Energy, Hydrocarbon Exploration and Production, Water and Environment, Healthcare, Aerospace, and Supply Chain and Logistics. Research in these sectors is enhanced by our research platforms of Robotics, AI and Data Science, Information and Communication Technologies, and Advanced Materials and Manufacturing as well as Fundamental Sciences.</span><span lang=""EN-US"" style=""font-family: 'Calibri Light', sans-serif;""><o:p></o:p></span></p>
</td>
</tr>
</tbody>
</table>
</div>
<p class=""MsoNormal"" style=""margin: 0cm; font-size: 11pt; font-family: 'Times New Roman', serif; caret-color: rgb(0, 0, 0); color: rgb(0, 0, 0); font-style: normal; font-variant-caps: normal; font-weight: 400; letter-spacing: normal; orphans: auto; text-align: start; text-indent: 0px; text-transform: none; white-space: normal; widows: auto; word-spacing: 0px; -webkit-text-stroke-width: 0px; text-decoration: none;""><span lang=""AR-SA"" dir=""RTL"" style=""font-size: 10pt; font-family: Arial, sans-serif; color: rgb(89, 89, 89);""><o:p>&nbsp;</o:p></span></p>
<div align=""center"" style=""caret-color: rgb(0, 0, 0); color: rgb(0, 0, 0); font-style: normal; font-variant-caps: normal; font-weight: 400; letter-spacing: normal; orphans: auto; text-indent: 0px; text-transform: none; white-space: normal; widows: auto; word-spacing: 0px; -webkit-text-stroke-width: 0px; text-decoration: none;"">
<table class=""MsoNormalTable"" border=""1"" cellspacing=""0"" cellpadding=""0"" width=""615"" style=""width: 461.1pt; border-collapse: collapse; border: medium;"">
<tbody>
<tr style=""height: 17pt;"">
<td width=""615"" style=""width: 461.1pt; border: 1pt solid rgb(127, 127, 127); background: black; padding: 0cm 5.4pt; height: 17pt;"">
<p class=""MsoNormal"" style=""margin: 0cm; font-size: 11pt; font-family: 'Times New Roman', serif;""><span dir=""LTR""></span><b><span lang=""EN-US"" style=""font-size: 14pt; font-family: Calibri, sans-serif; color: white;"">Job Purpose<o:p></o:p></span></b></p>
</td>
</tr>
<tr style=""height: 64.75pt;"">
<td width=""615"" style=""width: 461.1pt; border-width: medium 1pt 1pt; border-style: none solid solid; border-color: currentcolor rgb(127, 127, 127) rgb(127, 127, 127); background: white; padding: 0cm 5.4pt; height: 64.75pt;"">
<p class=""MsoNormal"" style=""margin: 0cm; font-size: 11pt; font-family: 'Times New Roman', serif; text-align: justify;""><span lang=""EN-US"" style=""font-family: 'Calibri Light', sans-serif; color: black;""><span>The responsibilities of faculty members shall be an appropriate combination of:</span></span><span lang=""EN-US"" style=""font-family: 'Calibri Light', sans-serif;""><o:p></o:p></span></p>
<p class=""MsoNormal"" style=""margin: 0cm; font-size: 11pt; font-family: 'Times New Roman', serif; text-align: justify;""><span lang=""EN-US"" style=""font-family: 'Calibri Light', sans-serif; color: black;"">a) Dissemination of knowledge through undergraduate and / or graduate teaching; and</span><span lang=""EN-US"" style=""font-family: 'Calibri Light', sans-serif;""><o:p></o:p></span></p>
<p class=""MsoNormal"" style=""margin: 0cm; font-size: 11pt; font-family: 'Times New Roman', serif; text-align: justify;""><span lang=""EN-US"" style=""font-family: 'Calibri Light', sans-serif; color: black;"">b) Research, scholarly or other creative activities; and</span><span lang=""EN-US"" style=""font-family: 'Calibri Light', sans-serif;""><o:p></o:p></span></p>
<p class=""MsoNormal"" style=""margin: 0cm; font-size: 11pt; font-family: 'Times New Roman', serif; text-align: justify;""><span lang=""EN-US"" style=""font-family: 'Calibri Light', sans-serif; color: black;"">c) University, community and proferssional services</span><span lang=""EN-US"" style=""font-family: 'Calibri Light', sans-serif;""><o:p></o:p></span></p>
<p class=""MsoNormal"" style=""margin: 0cm; font-size: 11pt; font-family: 'Times New Roman', serif; text-align: justify;""><span lang=""EN-US"" style=""font-family: 'Calibri Light', sans-serif;""><o:p>&nbsp;</o:p></span></p>
</td>
</tr>
</tbody>
</table>
</div>
<table class=""MsoNormalTable"" border=""1"" cellspacing=""0"" cellpadding=""0"" width=""615"" style=""width: 461.1pt; border-collapse: collapse; border: medium;"">
<tbody>
<tr style=""height: 20.4pt;"">
<td width=""615"" style=""width: 461.1pt; border: 1pt solid rgb(127, 127, 127); background: rgb(217, 217, 217); padding: 0cm 5.4pt; height: 20.4pt;"">
<p class=""MsoNormal"" style=""margin: 0cm; font-size: 11pt; font-family: 'Times New Roman', serif;""><b><i><span lang=""EN-GB"" style=""font-family: Calibri, sans-serif; color: rgb(89, 89, 89);"">Operational Responsibilities<o:p></o:p></span></i></b></p>
</td>
</tr>
<tr style=""height: 20.4pt;"">
<td width=""615"" style=""width: 461.1pt; border-width: medium 1pt 1pt; border-style: none solid solid; border-color: currentcolor rgb(127, 127, 127) rgb(127, 127, 127); padding: 0cm 5.4pt; height: 20.4pt;"">
<p class=""MsoNormal"" style=""margin: 0cm; font-size: 11pt; font-family: 'Times New Roman', serif; text-align: justify;""><b><u><span lang=""EN-US"" style=""font-family: 'Calibri Light', sans-serif;"">Teaching</span></u></b><span lang=""EN-US"" style=""font-family: 'Calibri Light', sans-serif;"">:<o:p></o:p></span></p>
<p class=""MsoNormal"" style=""margin: 0cm; font-size: 11pt; font-family: 'Times New Roman', serif; text-align: justify;""><span lang=""EN-US"" style=""font-family: 'Calibri Light', sans-serif;"">&bull; Teach at undergraduate and graduate level in subject areas and on time schedules allocated by the Chair of Department<o:p></o:p></span></p>
<p class=""MsoNormal"" style=""margin: 0cm; font-size: 11pt; font-family: 'Times New Roman', serif; text-align: justify;""><span lang=""EN-US"" style=""font-family: 'Calibri Light', sans-serif;"">&bull; Prepare teaching material including course outline, syllabus and lesson plans. Revise the subject matter on a regular basis as appropriate for that subject<o:p></o:p></span></p>
<p class=""MsoNormal"" style=""margin: 0cm; font-size: 11pt; font-family: 'Times New Roman', serif; text-align: justify;""><span lang=""EN-US"" style=""font-family: 'Calibri Light', sans-serif;"">&bull; Contribute to the development, planning and implementation of a high quality curriculum<o:p></o:p></span></p>
<p class=""MsoNormal"" style=""margin: 0cm; font-size: 11pt; font-family: 'Times New Roman', serif; text-align: justify;""><span lang=""EN-US"" style=""font-family: 'Calibri Light', sans-serif;"">&bull; Provide students with detailed syllabus, methods of instruction and evaluation in their courses<o:p></o:p></span></p>
<p class=""MsoNormal"" style=""margin: 0cm; font-size: 11pt; font-family: 'Times New Roman', serif; text-align: justify;""><span lang=""EN-US"" style=""font-family: 'Calibri Light', sans-serif;"">&bull; Engage in the selection of textbooks and other teaching aids necessary to the instruction of courses<o:p></o:p></span></p>
<p class=""MsoNormal"" style=""margin: 0cm; font-size: 11pt; font-family: 'Times New Roman', serif; text-align: justify;""><span lang=""EN-US"" style=""font-family: 'Calibri Light', sans-serif;"">&bull; Monitor students&rsquo; performance in their subject areas and provides remedial classes when necessary<o:p></o:p></span></p>
<p class=""MsoNormal"" style=""margin: 0cm; font-size: 11pt; font-family: 'Times New Roman', serif; text-align: justify;""><span lang=""EN-US"" style=""font-family: 'Calibri Light', sans-serif;"">&bull; Set and mark exams, coursework, assignments, laboratory work, homework, and any other relevant activity<o:p></o:p></span></p>
<p class=""MsoNormal"" style=""margin: 0cm; font-size: 11pt; font-family: 'Times New Roman', serif; text-align: justify;""><span lang=""EN-US"" style=""font-family: 'Calibri Light', sans-serif;"">&bull; Use up-to-date instructional technology and ensure the delivery is clear and consistent<o:p></o:p></span></p>
<p class=""MsoNormal"" style=""margin: 0cm; font-size: 11pt; font-family: 'Times New Roman', serif; text-align: justify;""><span lang=""EN-US"" style=""font-family: 'Calibri Light', sans-serif;"">&bull; Supervise students&rsquo; research and practical work and of their theses preparation, as well as participate in evaluation of their theses<o:p></o:p></span></p>
<p class=""MsoNormal"" style=""margin: 0cm; font-size: 11pt; font-family: 'Times New Roman', serif; text-align: justify;""><span lang=""EN-US"" style=""font-family: 'Calibri Light', sans-serif;"">&bull; Participate in professional peer reviews<o:p></o:p></span></p>
<p class=""MsoNormal"" style=""margin: 0cm; font-size: 11pt; font-family: 'Times New Roman', serif; text-align: justify;""><span lang=""EN-US"" style=""font-family: 'Calibri Light', sans-serif;"">&bull; Supervise teaching internships<o:p></o:p></span></p>
<p class=""MsoNormal"" style=""margin: 0cm; font-size: 11pt; font-family: 'Times New Roman', serif; text-align: justify;""><span lang=""EN-US"" style=""font-family: 'Calibri Light', sans-serif;"">&bull; Develop and improve their scholarly competence and effectiveness as teachers within their area of expertise<o:p></o:p></span></p>
<p class=""MsoNormal"" style=""margin: 0cm; font-size: 11pt; font-family: 'Times New Roman', serif; text-align: justify;""><b><u><span lang=""EN-US"" style=""font-family: 'Calibri Light', sans-serif;"">Research, Scholarly and Creative Activities</span></u></b><span lang=""EN-US"" style=""font-family: 'Calibri Light', sans-serif;"">:<o:p></o:p></span></p>
<p class=""MsoNormal"" style=""margin: 0cm; font-size: 11pt; font-family: 'Times New Roman', serif; text-align: justify;""><span lang=""EN-US"" style=""font-family: 'Calibri Light', sans-serif;"">&bull; Carry out research and produces publications, or other research outputs, in line with personal objectives agreed in the review process<o:p></o:p></span></p>
<p class=""MsoNormal"" style=""margin: 0cm; font-size: 11pt; font-family: 'Times New Roman', serif; text-align: justify;""><span lang=""EN-US"" style=""font-family: 'Calibri Light', sans-serif;"">&bull; Engage in scholarly or creative activities in their area of expertise and makes results available for critical peer review<o:p></o:p></span></p>
<p class=""MsoNormal"" style=""margin: 0cm; font-size: 11pt; font-family: 'Times New Roman', serif; text-align: justify;""><span lang=""EN-US"" style=""font-family: 'Calibri Light', sans-serif;"">&bull; Deliver papers at professional association meetings, seminars and conferences<o:p></o:p></span></p>
<p class=""MsoNormal"" style=""margin: 0cm; font-size: 11pt; font-family: 'Times New Roman', serif; text-align: justify;""><span lang=""EN-US"" style=""font-family: 'Calibri Light', sans-serif;"">&bull; Participate in panels at regional and international meetings of professional organizations<o:p></o:p></span></p>
<p class=""MsoNormal"" style=""margin: 0cm; font-size: 11pt; font-family: 'Times New Roman', serif; text-align: justify;""><span lang=""EN-US"" style=""font-family: 'Calibri Light', sans-serif;"">&bull; Identify and successfully bid for external funding and grants<o:p></o:p></span></p>
<p class=""MsoNormal"" style=""margin: 0cm; font-size: 11pt; font-family: 'Times New Roman', serif; text-align: justify;""><span lang=""EN-US"" style=""font-family: 'Calibri Light', sans-serif;"">&bull; Actively raise the Department and Faculty&rsquo;s profile, internally and externally<o:p></o:p></span></p>
<p class=""MsoNormal"" style=""margin: 0cm; font-size: 11pt; font-family: 'Times New Roman', serif; text-align: justify;""><span lang=""EN-US"" style=""font-family: 'Calibri Light', sans-serif;"">&bull; Participate in departmental and faculty seminars aimed at sharing research outcomes and building interdisciplinary collaboration within and outside the department<o:p></o:p></span></p>
<p class=""MsoNormal"" style=""margin: 0cm; font-size: 11pt; font-family: 'Times New Roman', serif; text-align: justify;""><span lang=""EN-US"" style=""font-family: 'Calibri Light', sans-serif;"">&bull; Collaborate with colleagues, both within and outside the University, in conducting and managing research and consultancy activities<o:p></o:p></span></p>
<p class=""MsoNormal"" style=""margin: 0cm; font-size: 11pt; font-family: 'Times New Roman', serif; text-align: justify;""><b><u><span lang=""EN-US"" style=""font-family: 'Calibri Light', sans-serif;"">Academic Service</span></u></b><span lang=""EN-US"" style=""font-family: 'Calibri Light', sans-serif;"">:<o:p></o:p></span></p>
<p class=""MsoNormal"" style=""margin: 0cm; font-size: 11pt; font-family: 'Times New Roman', serif; text-align: justify;""><span lang=""EN-US"" style=""font-family: 'Calibri Light', sans-serif;"">&bull; Contribute to departmental, or University-wide working groups or committees as requested<o:p></o:p></span></p>
<p class=""MsoNormal"" style=""margin: 0cm; font-size: 11pt; font-family: 'Times New Roman', serif; text-align: justify;""><span lang=""EN-US"" style=""font-family: 'Calibri Light', sans-serif;"">&bull; Contribute to student recruitment, retention and placement efforts<o:p></o:p></span></p>
<p class=""MsoNormal"" style=""margin: 0cm; font-size: 11pt; font-family: 'Times New Roman', serif; text-align: justify;""><span lang=""EN-US"" style=""font-family: 'Calibri Light', sans-serif;"">&bull; Foster service by contributing to the community at large in participatory, developmental or advisory capacity<o:p></o:p></span></p>
<p class=""MsoNormal"" style=""margin: 0cm; font-size: 11pt; font-family: 'Times New Roman', serif; text-align: justify;""><span lang=""EN-US"" style=""font-family: 'Calibri Light', sans-serif;"">&bull; Support and participate in student organization activities<o:p></o:p></span></p>
<p class=""MsoNormal"" style=""margin: 0cm; font-size: 11pt; font-family: 'Times New Roman', serif; text-align: justify;""><span lang=""EN-US"" style=""font-family: 'Calibri Light', sans-serif;"">&bull; Adhere to the University's information security and confidentiality policies and procedures, and report breaches or other security risks accordingly<o:p></o:p></span></p>
<p class=""MsoNormal"" style=""margin: 0cm; font-size: 11pt; font-family: 'Times New Roman', serif; text-align: justify;""><span lang=""EN-US"" style=""font-family: 'Calibri Light', sans-serif;"">&bull; Coordinate with other departments to facilitate the accomplishment of tasks and responsibilities, as and when needed<o:p></o:p></span></p>
<p class=""MsoNormal"" style=""margin: 0cm; font-size: 11pt; font-family: 'Times New Roman', serif; text-align: justify;""><span lang=""EN-US"" style=""font-family: 'Calibri Light', sans-serif;"">&bull; Contribute to the academic community through peer review, editorial roles, and professional organizations.<o:p></o:p></span></p>
<p class=""MsoNormal"" style=""margin: 0cm; font-size: 11pt; font-family: 'Times New Roman', serif; text-align: justify;""><span lang=""EN-US"" style=""font-family: 'Calibri Light', sans-serif;"">&bull; Engage in outreach, collaboration, and public engagement activities.<o:p></o:p></span></p>
<p class=""MsoNormal"" style=""margin: 0cm; font-size: 11pt; font-family: 'Times New Roman', serif; text-align: justify;""><span lang=""EN-US"" style=""font-family: 'Calibri Light', sans-serif;"">&bull; Perform any other tasks assigned by the Line Manager<o:p></o:p></span></p>
<p class=""MsoNormal"" style=""margin: 0cm; font-size: 11pt; font-family: 'Times New Roman', serif; text-align: justify;""><span lang=""EN-US"" style=""font-family: 'Calibri Light', sans-serif;""><o:p>&nbsp;</o:p></span></p>
</td>
</tr>
</tbody>
</table>
</div>","<div align=""center"" style=""caret-color: rgb(0, 0, 0); color: rgb(0, 0, 0); font-style: normal; font-variant-caps: normal; font-weight: 400; letter-spacing: normal; orphans: auto; text-indent: 0px; text-transform: none; white-space: normal; widows: auto; word-spacing: 0px; -webkit-text-stroke-width: 0px; text-decoration: none;"">
<p class=""MsoNormal"" style=""margin: 0cm; font-size: 11pt; font-family: 'Times New Roman', serif; caret-color: rgb(0, 0, 0); color: rgb(0, 0, 0); font-style: normal; font-variant-caps: normal; font-weight: 400; letter-spacing: normal; orphans: auto; text-align: start; text-indent: 0px; text-transform: none; white-space: normal; widows: auto; word-spacing: 0px; -webkit-text-stroke-width: 0px; text-decoration: none;""><span lang=""AR-SA"" dir=""RTL"" style=""font-size: 10pt; font-family: Arial, sans-serif; color: rgb(89, 89, 89);""><o:p>&nbsp;</o:p></span></p>
<div align=""center"" style=""caret-color: rgb(0, 0, 0); color: rgb(0, 0, 0); font-style: normal; font-variant-caps: normal; font-weight: 400; letter-spacing: normal; orphans: auto; text-indent: 0px; text-transform: none; white-space: normal; widows: auto; word-spacing: 0px; -webkit-text-stroke-width: 0px; text-decoration: none;"">
<table class=""MsoNormalTable"" border=""1"" cellspacing=""0"" cellpadding=""0"" width=""615"" style=""width: 461.1pt; border-collapse: collapse; border: medium;"">
<tbody>
<tr style=""height: 17pt;"">
<td width=""615"" style=""width: 461.1pt; border: 1pt solid rgb(127, 127, 127); background: black; padding: 0cm 5.4pt; height: 17pt;"">
<p class=""MsoNormal"" style=""margin: 0cm; font-size: 11pt; font-family: 'Times New Roman', serif;""><span dir=""LTR""></span><b><span lang=""EN-US"" style=""font-size: 14pt; font-family: Calibri, sans-serif; color: white;"">Job Purpose<o:p></o:p></span></b></p>
</td>
</tr>
<tr style=""height: 64.75pt;"">
<td width=""615"" style=""width: 461.1pt; border-width: medium 1pt 1pt; border-style: none solid solid; border-color: currentcolor rgb(127, 127, 127) rgb(127, 127, 127); background: white; padding: 0cm 5.4pt; height: 64.75pt;"">
<p class=""MsoNormal"" style=""margin: 0cm; font-size: 11pt; font-family: 'Times New Roman', serif; text-align: justify;""><span lang=""EN-US"" style=""font-family: 'Calibri Light', sans-serif; color: black;""><span>The responsibilities of faculty members shall be an appropriate combination of:</span></span><span lang=""EN-US"" style=""font-family: 'Calibri Light', sans-serif;""><o:p></o:p></span></p>
<p class=""MsoNormal"" style=""margin: 0cm; font-size: 11pt; font-family: 'Times New Roman', serif; text-align: justify;""><span lang=""EN-US"" style=""font-family: 'Calibri Light', sans-serif; color: black;"">a) Dissemination of knowledge through undergraduate and / or graduate teaching; and</span><span lang=""EN-US"" style=""font-family: 'Calibri Light', sans-serif;""><o:p></o:p></span></p>
<p class=""MsoNormal"" style=""margin: 0cm; font-size: 11pt; font-family: 'Times New Roman', serif; text-align: justify;""><span lang=""EN-US"" style=""font-family: 'Calibri Light', sans-serif; color: black;"">b) Research, scholarly or other creative activities; and</span><span lang=""EN-US"" style=""font-family: 'Calibri Light', sans-serif;""><o:p></o:p></span></p>
<p class=""MsoNormal"" style=""margin: 0cm; font-size: 11pt; font-family: 'Times New Roman', serif; text-align: justify;""><span lang=""EN-US"" style=""font-family: 'Calibri Light', sans-serif; color: black;"">c) University, community and proferssional services</span><span lang=""EN-US"" style=""font-family: 'Calibri Light', sans-serif;""><o:p></o:p></span></p>
<p class=""MsoNormal"" style=""margin: 0cm; font-size: 11pt; font-family: 'Times New Roman', serif; text-align: justify;""><span lang=""EN-US"" style=""font-family: 'Calibri Light', sans-serif;""><o:p>&nbsp;</o:p></span></p>
</td>
</tr>
</tbody>
</table>
</div>
<table class=""MsoNormalTable"" border=""1"" cellspacing=""0"" cellpadding=""0"" width=""615"" style=""width: 461.1pt; border-collapse: collapse; border: medium;"">
<tbody>
<tr style=""height: 20.4pt;"">
<td width=""615"" style=""width: 461.1pt; border: 1pt solid rgb(127, 127, 127); background: rgb(217, 217, 217); padding: 0cm 5.4pt; height: 20.4pt;"">
<p class=""MsoNormal"" style=""margin: 0cm; font-size: 11pt; font-family: 'Times New Roman', serif;""><b><i><span lang=""EN-GB"" style=""font-family: Calibri, sans-serif; color: rgb(89, 89, 89);"">Operational Responsibilities<o:p></o:p></span></i></b></p>
</td>
</tr>
<tr style=""height: 20.4pt;"">
<td width=""615"" style=""width: 461.1pt; border-width: medium 1pt 1pt; border-style: none solid solid; border-color: currentcolor rgb(127, 127, 127) rgb(127, 127, 127); padding: 0cm 5.4pt; height: 20.4pt;"">
<p class=""MsoNormal"" style=""margin: 0cm; font-size: 11pt; font-family: 'Times New Roman', serif; text-align: justify;""><b><u><span lang=""EN-US"" style=""font-family: 'Calibri Light', sans-serif;"">Teaching</span></u></b><span lang=""EN-US"" style=""font-family: 'Calibri Light', sans-serif;"">:<o:p></o:p></span></p>
<p class=""MsoNormal"" style=""margin: 0cm; font-size: 11pt; font-family: 'Times New Roman', serif; text-align: justify;""><span lang=""EN-US"" style=""font-family: 'Calibri Light', sans-serif;"">&bull; Teach at undergraduate and graduate level in subject areas and on time schedules allocated by the Chair of Department<o:p></o:p></span></p>
<p class=""MsoNormal"" style=""margin: 0cm; font-size: 11pt; font-family: 'Times New Roman', serif; text-align: justify;""><span lang=""EN-US"" style=""font-family: 'Calibri Light', sans-serif;"">&bull; Prepare teaching material including course outline, syllabus and lesson plans. Revise the subject matter on a regular basis as appropriate for that subject<o:p></o:p></span></p>
<p class=""MsoNormal"" style=""margin: 0cm; font-size: 11pt; font-family: 'Times New Roman', serif; text-align: justify;""><span lang=""EN-US"" style=""font-family: 'Calibri Light', sans-serif;"">&bull; Contribute to the development, planning and implementation of a high quality curriculum<o:p></o:p></span></p>
<p class=""MsoNormal"" style=""margin: 0cm; font-size: 11pt; font-family: 'Times New Roman', serif; text-align: justify;""><span lang=""EN-US"" style=""font-family: 'Calibri Light', sans-serif;"">&bull; Provide students with detailed syllabus, methods of instruction and evaluation in their courses<o:p></o:p></span></p>
<p class=""MsoNormal"" style=""margin: 0cm; font-size: 11pt; font-family: 'Times New Roman', serif; text-align: justify;""><span lang=""EN-US"" style=""font-family: 'Calibri Light', sans-serif;"">&bull; Engage in the selection of textbooks and other teaching aids necessary to the instruction of courses<o:p></o:p></span></p>
<p class=""MsoNormal"" style=""margin: 0cm; font-size: 11pt; font-family: 'Times New Roman', serif; text-align: justify;""><span lang=""EN-US"" style=""font-family: 'Calibri Light', sans-serif;"">&bull; Monitor students&rsquo; performance in their subject areas and provides remedial classes when necessary<o:p></o:p></span></p>
<p class=""MsoNormal"" style=""margin: 0cm; font-size: 11pt; font-family: 'Times New Roman', serif; text-align: justify;""><span lang=""EN-US"" style=""font-family: 'Calibri Light', sans-serif;"">&bull; Set and mark exams, coursework, assignments, laboratory work, homework, and any other relevant activity<o:p></o:p></span></p>
<p class=""MsoNormal"" style=""margin: 0cm; font-size: 11pt; font-family: 'Times New Roman', serif; text-align: justify;""><span lang=""EN-US"" style=""font-family: 'Calibri Light', sans-serif;"">&bull; Use up-to-date instructional technology and ensure the delivery is clear and consistent<o:p></o:p></span></p>
<p class=""MsoNormal"" style=""margin: 0cm; font-size: 11pt; font-family: 'Times New Roman', serif; text-align: justify;""><span lang=""EN-US"" style=""font-family: 'Calibri Light', sans-serif;"">&bull; Supervise students&rsquo; research and practical work and of their theses preparation, as well as participate in evaluation of their theses<o:p></o:p></span></p>
<p class=""MsoNormal"" style=""margin: 0cm; font-size: 11pt; font-family: 'Times New Roman', serif; text-align: justify;""><span lang=""EN-US"" style=""font-family: 'Calibri Light', sans-serif;"">&bull; Participate in professional peer reviews<o:p></o:p></span></p>
<p class=""MsoNormal"" style=""margin: 0cm; font-size: 11pt; font-family: 'Times New Roman', serif; text-align: justify;""><span lang=""EN-US"" style=""font-family: 'Calibri Light', sans-serif;"">&bull; Supervise teaching internships<o:p></o:p></span></p>
<p class=""MsoNormal"" style=""margin: 0cm; font-size: 11pt; font-family: 'Times New Roman', serif; text-align: justify;""><span lang=""EN-US"" style=""font-family: 'Calibri Light', sans-serif;"">&bull; Develop and improve their scholarly competence and effectiveness as teachers within their area of expertise<o:p></o:p></span></p>
<p class=""MsoNormal"" style=""margin: 0cm; font-size: 11pt; font-family: 'Times New Roman', serif; text-align: justify;""><b><u><span lang=""EN-US"" style=""font-family: 'Calibri Light', sans-serif;"">Research, Scholarly and Creative Activities</span></u></b><span lang=""EN-US"" style=""font-family: 'Calibri Light', sans-serif;"">:<o:p></o:p></span></p>
<p class=""MsoNormal"" style=""margin: 0cm; font-size: 11pt; font-family: 'Times New Roman', serif; text-align: justify;""><span lang=""EN-US"" style=""font-family: 'Calibri Light', sans-serif;"">&bull; Carry out research and produces publications, or other research outputs, in line with personal objectives agreed in the review process<o:p></o:p></span></p>
<p class=""MsoNormal"" style=""margin: 0cm; font-size: 11pt; font-family: 'Times New Roman', serif; text-align: justify;""><span lang=""EN-US"" style=""font-family: 'Calibri Light', sans-serif;"">&bull; Engage in scholarly or creative activities in their area of expertise and makes results available for critical peer review<o:p></o:p></span></p>
<p class=""MsoNormal"" style=""margin: 0cm; font-size: 11pt; font-family: 'Times New Roman', serif; text-align: justify;""><span lang=""EN-US"" style=""font-family: 'Calibri Light', sans-serif;"">&bull; Deliver papers at professional association meetings, seminars and conferences<o:p></o:p></span></p>
<p class=""MsoNormal"" style=""margin: 0cm; font-size: 11pt; font-family: 'Times New Roman', serif; text-align: justify;""><span lang=""EN-US"" style=""font-family: 'Calibri Light', sans-serif;"">&bull; Participate in panels at regional and international meetings of professional organizations<o:p></o:p></span></p>
<p class=""MsoNormal"" style=""margin: 0cm; font-size: 11pt; font-family: 'Times New Roman', serif; text-align: justify;""><span lang=""EN-US"" style=""font-family: 'Calibri Light', sans-serif;"">&bull; Identify and successfully bid for external funding and grants<o:p></o:p></span></p>
<p class=""MsoNormal"" style=""margin: 0cm; font-size: 11pt; font-family: 'Times New Roman', serif; text-align: justify;""><span lang=""EN-US"" style=""font-family: 'Calibri Light', sans-serif;"">&bull; Actively raise the Department and Faculty&rsquo;s profile, internally and externally<o:p></o:p></span></p>
<p class=""MsoNormal"" style=""margin: 0cm; font-size: 11pt; font-family: 'Times New Roman', serif; text-align: justify;""><span lang=""EN-US"" style=""font-family: 'Calibri Light', sans-serif;"">&bull; Participate in departmental and faculty seminars aimed at sharing research outcomes and building interdisciplinary collaboration within and outside the department<o:p></o:p></span></p>
<p class=""MsoNormal"" style=""margin: 0cm; font-size: 11pt; font-family: 'Times New Roman', serif; text-align: justify;""><span lang=""EN-US"" style=""font-family: 'Calibri Light', sans-serif;"">&bull; Collaborate with colleagues, both within and outside the University, in conducting and managing research and consultancy activities<o:p></o:p></span></p>
<p class=""MsoNormal"" style=""margin: 0cm; font-size: 11pt; font-family: 'Times New Roman', serif; text-align: justify;""><b><u><span lang=""EN-US"" style=""font-family: 'Calibri Light', sans-serif;"">Academic Service</span></u></b><span lang=""EN-US"" style=""font-family: 'Calibri Light', sans-serif;"">:<o:p></o:p></span></p>
<p class=""MsoNormal"" style=""margin: 0cm; font-size: 11pt; font-family: 'Times New Roman', serif; text-align: justify;""><span lang=""EN-US"" style=""font-family: 'Calibri Light', sans-serif;"">&bull; Contribute to departmental, or University-wide working groups or committees as requested<o:p></o:p></span></p>
<p class=""MsoNormal"" style=""margin: 0cm; font-size: 11pt; font-family: 'Times New Roman', serif; text-align: justify;""><span lang=""EN-US"" style=""font-family: 'Calibri Light', sans-serif;"">&bull; Contribute to student recruitment, retention and placement efforts<o:p></o:p></span></p>
<p class=""MsoNormal"" style=""margin: 0cm; font-size: 11pt; font-family: 'Times New Roman', serif; text-align: justify;""><span lang=""EN-US"" style=""font-family: 'Calibri Light', sans-serif;"">&bull; Foster service by contributing to the community at large in participatory, developmental or advisory capacity<o:p></o:p></span></p>
<p class=""MsoNormal"" style=""margin: 0cm; font-size: 11pt; font-family: 'Times New Roman', serif; text-align: justify;""><span lang=""EN-US"" style=""font-family: 'Calibri Light', sans-serif;"">&bull; Support and participate in student organization activities<o:p></o:p></span></p>
<p class=""MsoNormal"" style=""margin: 0cm; font-size: 11pt; font-family: 'Times New Roman', serif; text-align: justify;""><span lang=""EN-US"" style=""font-family: 'Calibri Light', sans-serif;"">&bull; Adhere to the University's information security and confidentiality policies and procedures, and report breaches or other security risks accordingly<o:p></o:p></span></p>
<p class=""MsoNormal"" style=""margin: 0cm; font-size: 11pt; font-family: 'Times New Roman', serif; text-align: justify;""><span lang=""EN-US"" style=""font-family: 'Calibri Light', sans-serif;"">&bull; Coordinate with other departments to facilitate the accomplishment of tasks and responsibilities, as and when needed<o:p></o:p></span></p>
<p class=""MsoNormal"" style=""margin: 0cm; font-size: 11pt; font-family: 'Times New Roman', serif; text-align: justify;""><span lang=""EN-US"" style=""font-family: 'Calibri Light', sans-serif;"">&bull; Contribute to the academic community through peer review, editorial roles, and professional organizations.<o:p></o:p></span></p>
<p class=""MsoNormal"" style=""margin: 0cm; font-size: 11pt; font-family: 'Times New Roman', serif; text-align: justify;""><span lang=""EN-US"" style=""font-family: 'Calibri Light', sans-serif;"">&bull; Engage in outreach, collaboration, and public engagement activities.<o:p></o:p></span></p>
<p class=""MsoNormal"" style=""margin: 0cm; font-size: 11pt; font-family: 'Times New Roman', serif; text-align: justify;""><span lang=""EN-US"" style=""font-family: 'Calibri Light', sans-serif;"">&bull; Perform any other tasks assigned by the Line Manager<o:p></o:p></span></p>
<p class=""MsoNormal"" style=""margin: 0cm; font-size: 11pt; font-family: 'Times New Roman', serif; text-align: justify;""><span lang=""EN-US"" style=""font-family: 'Calibri Light', sans-serif;""><o:p>&nbsp;</o:p></span></p>
</td>
</tr>
</tbody>
</table>
</div>",,Baker,Mohammad,KU270,baker.mohammad@ku.ac.ae,Gayathry,Rajendran,gayathry.rajendran@ku.ac.ae,KU174,New Position,KU - Khalifa University,President Office,Academic Sector,College of Computing and Mathematical Sciences,Abu Dhabi UAE,,,,
15552,Open Rank Faculty.1011134 - Civil Infrastructure and Environmental Engineering,Open Rank Faculty.1011134 - Civil Infrastructure and Environmental Engineering,,Professional,TRUE,,Filled,Filled,Unposted,1011134,,,,,,,"<p style=""margin-bottom:8px; text-align:justify;font-family: Arial""><span style=""font-size:12pt""><span style=""font-family:&quot;Times New Roman&quot;,serif""><span lang=""EN-GB"" style=""font-size:10.0pt""><span style=""font-family:&quot;Calibri&quot;,sans-serif""><span style=""color:black"">Khalifa University is a world-class, research-intensive institution in Abu Dhabi, the capital of the United Arab Emirates (UAE). The University&rsquo;s mission is to integrate research and education to produce world leaders and critical thinkers in engineering, science, and medicine, and to be a catalyst toward Abu Dhabi&rsquo;s vision for a knowledge-based economy. Khalifa University has two campuses in the city of Abu Dhabi &ndash; the Main Campus and the Sas Al Nakhl Campus, the latter housing the internationally renowned Masdar and Petroleum Institutes.</span></span></span></span></span></p>

<p style=""margin-bottom:8px; text-align:justify;font-family: Arial""><span style=""font-size:12pt""><span style=""font-family:&quot;Times New Roman&quot;,serif""><i><span lang=""EN-GB"" style=""font-size:10.0pt""><span style=""font-family:&quot;Calibri&quot;,sans-serif""><span style=""color:black"">About the Department</span></span></span></i></span></span></p>

<p style=""margin-bottom:8px; text-align:justify;font-family: Arial""><span style=""font-size:12pt""><span style=""font-family:&quot;Times New Roman&quot;,serif""><span lang=""EN-GB"" style=""font-size:10.0pt""><span style=""font-family:&quot;Calibri&quot;,sans-serif""><span style=""color:black"">The Department of Civil Infrastructure &amp; Environment Engineering, an academic unit within the College of Engineering at Khalifa University is dedicated to the advancement of learning and knowledge through teaching, research, and service and outreach activities. For more details, visit: </span></span></span><span lang=""EN-GB"" style=""font-size:10.0pt""><span style=""font-family:&quot;Calibri&quot;,sans-serif""><span style=""color:#551a8c"">https://www.ku.ac.ae/academics/college-of-engineering/department/department-of-civil-infrastructure-and-environmental-engineering#about</span></span></span></span></span></p>

<p style=""margin-bottom:8px; text-align:justify;font-family: Arial""><span style=""font-size:12pt""><span style=""font-family:&quot;Times New Roman&quot;,serif""><span lang=""EN-GB"" style=""font-size:10.0pt""><span style=""font-family:&quot;Calibri&quot;,sans-serif""><span style=""color:black"">The Department invites applications for <b>multiple open-rank faculty positions</b> outlined above. The candidates are expected to have teaching experience </span></span></span><span lang=""EN"" style=""font-size:10.0pt""><span style=""font-family:&quot;Calibri&quot;,sans-serif"">to support Khalifa&rsquo;s commitment to excellence in undergraduate education, </span></span><span lang=""EN-GB"" style=""font-size:10.0pt""><span style=""font-family:&quot;Calibri&quot;,sans-serif""><span style=""color:black"">a strong research potential demonstrated by relevant publications and citations in high-impact journals, and possess excellent communication skills. Successful candidates are expected to teach at the undergraduate and graduate levels, establish and maintain active research programs that lead to high-impact publications, and provide service to the department, the university, and the profession. Successful candidates are also expected to be involved in thematic research within one or more of the university research priority areas. </span></span></span></span></span></p>

<p style=""margin-bottom:8px; text-align:justify;font-family: Arial"">&nbsp;</p>

<p style=""margin-bottom:11px;font-family: Arial"">&nbsp;</p>
","<p style=""margin-bottom:8px; text-align:justify;font-family: Arial""><span style=""font-size:12pt""><span style=""font-family:&quot;Times New Roman&quot;,serif""><span lang=""EN-GB"" style=""font-size:10.0pt""><span style=""font-family:&quot;Calibri&quot;,sans-serif""><span style=""color:black"">Khalifa University is a world-class, research-intensive institution in Abu Dhabi, the capital of the United Arab Emirates (UAE). The University&rsquo;s mission is to integrate research and education to produce world leaders and critical thinkers in engineering, science, and medicine, and to be a catalyst toward Abu Dhabi&rsquo;s vision for a knowledge-based economy. Khalifa University has two campuses in the city of Abu Dhabi &ndash; the Main Campus and the Sas Al Nakhl Campus, the latter housing the internationally renowned Masdar and Petroleum Institutes.</span></span></span></span></span></p>

<p style=""margin-bottom:8px; text-align:justify;font-family: Arial""><span style=""font-size:12pt""><span style=""font-family:&quot;Times New Roman&quot;,serif""><i><span lang=""EN-GB"" style=""font-size:10.0pt""><span style=""font-family:&quot;Calibri&quot;,sans-serif""><span style=""color:black"">About the Department</span></span></span></i></span></span></p>

<p style=""margin-bottom:8px; text-align:justify;font-family: Arial""><span style=""font-size:12pt""><span style=""font-family:&quot;Times New Roman&quot;,serif""><span lang=""EN-GB"" style=""font-size:10.0pt""><span style=""font-family:&quot;Calibri&quot;,sans-serif""><span style=""color:black"">The Department of Civil Infrastructure &amp; Environment Engineering, an academic unit within the College of Engineering at Khalifa University is dedicated to the advancement of learning and knowledge through teaching, research, and service and outreach activities. For more details, visit: </span></span></span><span lang=""EN-GB"" style=""font-size:10.0pt""><span style=""font-family:&quot;Calibri&quot;,sans-serif""><span style=""color:#551a8c"">https://www.ku.ac.ae/academics/college-of-engineering/department/department-of-civil-infrastructure-and-environmental-engineering#about</span></span></span></span></span></p>

<p style=""margin-bottom:8px; text-align:justify;font-family: Arial""><span style=""font-size:12pt""><span style=""font-family:&quot;Times New Roman&quot;,serif""><span lang=""EN-GB"" style=""font-size:10.0pt""><span style=""font-family:&quot;Calibri&quot;,sans-serif""><span style=""color:black"">The Department invites applications for <b>multiple open-rank faculty positions</b> outlined above. The candidates are expected to have teaching experience </span></span></span><span lang=""EN"" style=""font-size:10.0pt""><span style=""font-family:&quot;Calibri&quot;,sans-serif"">to support Khalifa&rsquo;s commitment to excellence in undergraduate education, </span></span><span lang=""EN-GB"" style=""font-size:10.0pt""><span style=""font-family:&quot;Calibri&quot;,sans-serif""><span style=""color:black"">a strong research potential demonstrated by relevant publications and citations in high-impact journals, and possess excellent communication skills. Successful candidates are expected to teach at the undergraduate and graduate levels, establish and maintain active research programs that lead to high-impact publications, and provide service to the department, the university, and the profession. Successful candidates are also expected to be involved in thematic research within one or more of the university research priority areas.</span></span></span></span></span></p>
",,Mutasem,El Fadel,KU864,mutasem.elfadel@ku.ac.ae,Gayathry,Rajendran,gayathry.rajendran@ku.ac.ae,KU174,Replacement,KU - Khalifa University,President Office,Academic Sector,College of Engineering,Abu Dhabi UAE,,,,
155651,Open Rank Faculty.10111651 - Civil Infrastructure and Environmental Engineering,Open Rank Faculty.10111651 - Civil Infrastructure and Environmental Engineering,,Professional,TRUE,,Filled,Filled,Posted,10111651,,,,,,,"<p style=""margin-bottom:8px; text-align:justify;font-family: Arial""><span style=""font-size:12pt""><span style=""font-family:&quot;Times New Roman&quot;,serif""><span lang=""EN-GB"" style=""font-size:10.0pt""><span style=""font-family:&quot;Calibri&quot;,sans-serif""><span style=""color:black"">Khalifa University is a world-class, research-intensive institution in Abu Dhabi, the capital of the United Arab Emirates (UAE). The University&rsquo;s mission is to integrate research and education to produce world leaders and critical thinkers in engineering, science, and medicine, and to be a catalyst toward Abu Dhabi&rsquo;s vision for a knowledge-based economy. Khalifa University has two campuses in the city of Abu Dhabi &ndash; the Main Campus and the Sas Al Nakhl Campus, the latter housing the internationally renowned Masdar and Petroleum Institutes.</span></span></span></span></span></p>

<p style=""margin-bottom:8px; text-align:justify;font-family: Arial""><span style=""font-size:12pt""><span style=""font-family:&quot;Times New Roman&quot;,serif""><i><span lang=""EN-GB"" style=""font-size:10.0pt""><span style=""font-family:&quot;Calibri&quot;,sans-serif""><span style=""color:black"">About the Department</span></span></span></i></span></span></p>

<p style=""margin-bottom:8px; text-align:justify;font-family: Arial""><span style=""font-size:12pt""><span style=""font-family:&quot;Times New Roman&quot;,serif""><span lang=""EN-GB"" style=""font-size:10.0pt""><span style=""font-family:&quot;Calibri&quot;,sans-serif""><span style=""color:black"">The Department of Civil Infrastructure &amp; Environment Engineering, an academic unit within the College of Engineering at Khalifa University is dedicated to the advancement of learning and knowledge through teaching, research, and service and outreach activities. For more details, visit: </span></span></span><span lang=""EN-GB"" style=""font-size:10.0pt""><span style=""font-family:&quot;Calibri&quot;,sans-serif""><span style=""color:#551a8c"">https://www.ku.ac.ae/academics/college-of-engineering/department/department-of-civil-infrastructure-and-environmental-engineering#about</span></span></span></span></span></p>

<p style=""margin-bottom:8px; text-align:justify;font-family: Arial""><span style=""font-size:12pt""><span style=""font-family:&quot;Times New Roman&quot;,serif""><span lang=""EN-GB"" style=""font-size:10.0pt""><span style=""font-family:&quot;Calibri&quot;,sans-serif""><span style=""color:black"">The Department invites applications for <b>multiple open-rank faculty positions</b> outlined above. The candidates are expected to have teaching experience </span></span></span><span lang=""EN"" style=""font-size:10.0pt""><span style=""font-family:&quot;Calibri&quot;,sans-serif"">to support Khalifa&rsquo;s commitment to excellence in undergraduate education, </span></span><span lang=""EN-GB"" style=""font-size:10.0pt""><span style=""font-family:&quot;Calibri&quot;,sans-serif""><span style=""color:black"">a strong research potential demonstrated by relevant publications and citations in high-impact journals, and possess excellent communication skills. Successful candidates are expected to teach at the undergraduate and graduate levels, establish and maintain active research programs that lead to high-impact publications, and provide service to the department, the university, and the profession. Successful candidates are also expected to be involved in thematic research within one or more of the university research priority areas. </span></span></span></span></span></p>

<p style=""margin-bottom:8px; text-align:justify;font-family: Arial"">&nbsp;</p>

<p style=""margin-bottom:11px;font-family: Arial"">&nbsp;</p>
","<p style=""margin-bottom:8px; text-align:justify;font-family: Arial""><span style=""font-size:12pt""><span style=""font-family:&quot;Times New Roman&quot;,serif""><span lang=""EN-GB"" style=""font-size:10.0pt""><span style=""font-family:&quot;Calibri&quot;,sans-serif""><span style=""color:black"">Khalifa University is a world-class, research-intensive institution in Abu Dhabi, the capital of the United Arab Emirates (UAE). The University&rsquo;s mission is to integrate research and education to produce world leaders and critical thinkers in engineering, science, and medicine, and to be a catalyst toward Abu Dhabi&rsquo;s vision for a knowledge-based economy. Khalifa University has two campuses in the city of Abu Dhabi &ndash; the Main Campus and the Sas Al Nakhl Campus, the latter housing the internationally renowned Masdar and Petroleum Institutes.</span></span></span></span></span></p>

<p style=""margin-bottom:8px; text-align:justify;font-family: Arial""><span style=""font-size:12pt""><span style=""font-family:&quot;Times New Roman&quot;,serif""><i><span lang=""EN-GB"" style=""font-size:10.0pt""><span style=""font-family:&quot;Calibri&quot;,sans-serif""><span style=""color:black"">About the Department</span></span></span></i></span></span></p>

<p style=""margin-bottom:8px; text-align:justify;font-family: Arial""><span style=""font-size:12pt""><span style=""font-family:&quot;Times New Roman&quot;,serif""><span lang=""EN-GB"" style=""font-size:10.0pt""><span style=""font-family:&quot;Calibri&quot;,sans-serif""><span style=""color:black"">The Department of Civil Infrastructure &amp; Environment Engineering, an academic unit within the College of Engineering at Khalifa University is dedicated to the advancement of learning and knowledge through teaching, research, and service and outreach activities. For more details, visit: </span></span></span><span lang=""EN-GB"" style=""font-size:10.0pt""><span style=""font-family:&quot;Calibri&quot;,sans-serif""><span style=""color:#551a8c"">https://www.ku.ac.ae/academics/college-of-engineering/department/department-of-civil-infrastructure-and-environmental-engineering#about</span></span></span></span></span></p>

<p style=""margin-bottom:8px; text-align:justify;font-family: Arial""><span style=""font-size:12pt""><span style=""font-family:&quot;Times New Roman&quot;,serif""><span lang=""EN-GB"" style=""font-size:10.0pt""><span style=""font-family:&quot;Calibri&quot;,sans-serif""><span style=""color:black"">The Department invites applications for <b>multiple open-rank faculty positions</b> outlined above. The candidates are expected to have teaching experience </span></span></span><span lang=""EN"" style=""font-size:10.0pt""><span style=""font-family:&quot;Calibri&quot;,sans-serif"">to support Khalifa&rsquo;s commitment to excellence in undergraduate education, </span></span><span lang=""EN-GB"" style=""font-size:10.0pt""><span style=""font-family:&quot;Calibri&quot;,sans-serif""><span style=""color:black"">a strong research potential demonstrated by relevant publications and citations in high-impact journals, and possess excellent communication skills. Successful candidates are expected to teach at the undergraduate and graduate levels, establish and maintain active research programs that lead to high-impact publications, and provide service to the department, the university, and the profession. Successful candidates are also expected to be involved in thematic research within one or more of the university research priority areas.</span></span></span></span></span></p>
",,Mutasem,El Fadel,KU864,mutasem.elfadel@ku.ac.ae,Gayathry,Rajendran,gayathry.rajendran@ku.ac.ae,KU174,Replacement,KU - Khalifa University,President Office,Academic Sector,College of Engineering,Abu Dhabi UAE,,,,
